MIS0014,I202
MIS0013,I201
IMP0007,I188
ASP0032,I31
ASP0033,I32
ASP0002,I2
ASP0001,I1
ASP0025,I5
ASP0003,I6
ASP0004,I7
ASP0024,I4
ASP0006,I9
ASP0005,I8
ASP0017,I20
ASP0018,I3
ASP0008,I11
ASP0007,I10
ASP0009,I12
ASP0011,I14
ASP0010,I13
ASP0012,I15
ASP0013,I16
ASP0014,I17
ASP0015,I18
ASP0016,I19
PTC0002,I390
PTC0005,I393
PTC0007,I395
PTC0011,I399
PTC0034,I422
PTC0015,I403
PTC0037,I425
PTC0025,I413
PTC0019,I407
PTC0040,I428
PTC0029,I417
PTC0021,I409
STK0034,I520
STK0035,I521
STK0030,I516
STK0036,I522
STK0037,I523
STK0033,I519
RBP0019,I485
RBP0018,I484
RBP0016,I483
RBP0020,I486
WIH0018,I586
WIH0015,I583
PTC0057,I445
PTC0043,I431
PTC0060,I448
PTC0046,I434
PTC0063,I451
PTC0050,I438
PTC0065,I453
PTC0053,I441
BRK0009,I41
ELE0034,I80
ELE0035,I81
ELE0033,I79
MIS0009,I198
ELE0029,I75
MIS0005,I194
WIH0024,I588
ELE0031,I77
PAI0086,I333
PAI0082,I329
PAI0083,I330
PAI0085,I332
PAI0084,I331
PTC0076,I464
ELE0036,I82
ELE0042,I87
PAI0078,I327
PAI0093,I340
PAI0095,I342
PAI0099,I345
PAI0079,I328
PAI0094,I341
PAI0150,I388
PAI0096,I343
PAI0098,I344
PAI0102,I346
PAI0104,I348
PAI0106,I350
PAI0108,I352
PAI0103,I347
PAI0105,I349
PAI0107,I351
PAI0109,I353
PAI0111,I354
PAI0112,I355
PAI0127,I365
PAI0125,I363
PAI0128,I366
PAI0131,I369
PAI0132,I370
PAI0133,I371
PAI0129,I367
PAI0130,I368
PAI0126,I364
PAI0135,I373
PAI0134,I372
PAI0138,I376
PAI0136,I374
PAI0137,I375
PAI0139,I377
PAI0120,I360
PAI0121,I361
PAI0117,I357
PAI0123,I362
ELE0030,I76
WIH0034,I598
WIH0033,I597
WIH0004,I575
WIH0028,I592
WIH0023,I587
WIH0003,I574
ELC0009,I57
IMP0001,I182
MIS0004,I193
MIS0010,I203
RBP0015,I482
CON0004,I48
ELE0006,I63
ELE0007,I64
ELE0008,I65
ELE0009,I66
ELE0013,I70
ELE0014,I71
TEM0000044,I95
TEM0000045,I96
TEM0000046,I97
TEM0000047,I98
TEM0000048,I99
TEM0000049,I100
ELE0010,I67
ELE0012,I69
TEM0000050,I101
ELE0002,I59
ELE0003,I60
ELE0011,I68
TEM0000051,I102
TEM0000052,I103
TEM0000053,I104
ELE0004,I61
ELE0005,I62
TEM0000054,I105
TEM0000055,I106
ELE0001,I107
TEM0000056,I58
PAI0091,I338
HRD0011,I162
STK0038,I524
PTC0032,I420
PCK0034,I254
ELE0037,I83
PAI0119,I359
PTC0001,I389
PTC0004,I392
PTC0006,I394
PTC0010,I398
PTC0033,I421
PTC0014,I402
PTC0036,I424
PTC0024,I412
PTC0018,I406
PTC0039,I427
PTC0028,I416
PTC0020,I408
HRD0031,I467
HRD0030,I42
ASP0031,I30
RBP0002,I469
RBP0001,I468
RBP0003,I470
RBP0008,I475
RBP0010,I477
RBP0009,I476
TEM0000001,I108
TEM0000010,I117
TEM0000002,I109
TEM0000009,I116
TEM0000008,I115
TEM0000027,I133
TEM0000003,I110
TEM0000005,I112
TEM0000004,I111
TEM0000007,I114
TEM0000043,I149
TEM0000028,I134
TEM0000012,I119
TEM0000017,I124
TEM0000018,I125
TEM0000014,I121
TEM0000013,I120
TEM0000015,I122
TEM0000006,I113
TEM0000019,I126
TEM0000011,I118
TEM0000016,I123
TEM0000034,I140
TEM0000032,I138
TEM0000022,I128
TEM0000025,I131
TEM0000023,I129
TEM0000024,I130
TEM0000020,I127
TEM0000033,I139
TEM0000030,I136
TEM0000029,I135
TEM0000031,I137
TEM0000035,I141
TEM0000026,I132
TEM0000036,I142
TEM0000041,I147
TEM0000038,I144
TEM0000040,I146
TEM0000039,I145
TEM0000037,I143
TEM0000042,I148
MIS0006,I195
MIS0008,I197
HRD0015,I166
HRD0017,I168
HRD0091,I150
HRD0016,I167
HRD0014,I165
HRD0018,I169
HRD0026,I177
HRD0025,I176
HRD0021,I172
HRD0022,I173
HRD0019,I170
WIH0032,I596
WIH0031,I595
WIH0027,I591
WIH0026,I590
PTC0077,I465
CEM0001,I43
PTC0072,I460
PTC0073,I461
PTC0071,I459
PTC0075,I463
PTC0074,I462
PTC0070,I458
BRK0002,I34
BRK0003,I35
BRK0006,I38
BRK0004,I36
BRK0007,I39
BRK0008,I40
BRK0005,I37
BRK0001,I33
MIS0003,I192
RBP0004,I471
PAI0144,I382
PAI0145,I383
PAI0140,I378
PAI0141,I379
PAI0142,I380
PAI0148,I386
PAI0149,I387
PAI0147,I385
PAI0143,I381
PAI0146,I384
CON0002,I46
STK0027,I513
STK0028,I514
STK0031,I517
STK0032,I518
STK0029,I515
ELE0039,I85
HRD0034,I189
ELE0025,I72
PAI0092,I339
HRD0020,I171
HRD0013,I164
HRD0024,I175
PTC0078,I466
ELE0038,I84
PB0000041,I212
PB0000092,I215
PB0000033,I209
PB0000053,I213
PB0000023,I206
PB0000093,I216
PB0000099,I220
PB0000024,I207
PB0000094,I217
PB0000035,I210
PB0000181,I221
PB0000025,I208
PB0000077,I214
PB0000096,I218
PB0000037,I211
PB0000098,I219
PCK0002,I223
PCK0003,I224
PAI0065,I314
PAI0059,I308
PAI0061,I310
PAI0063,I312
PAI0074,I323
PAI0050,I304
PAI0071,I320
PAI0075,I324
PAI0051,I305
PAI0049,I303
PAI0048,I302
PAI0076,I325
PAI0073,I322
PAI0072,I321
PAI0015,I316
PAI0067,I269
PAI0066,I315
PAI0070,I319
PAI0023,I277
PAI0016,I270
PAI0017,I271
PAI0020,I274
PAI0021,I275
PAI0022,I276
PAI0019,I273
PAI0024,I278
PAI0025,I279
PAI0028,I282
PAI0029,I283
PAI0030,I284
PAI0027,I281
PAI0032,I286
PAI0033,I287
PAI0068,I317
PAI0037,I291
PAI0034,I288
PAI0035,I289
PAI0069,I318
PAI0012,I266
PAI0077,I326
PAI0064,I313
PAI0058,I307
PAI0060,I309
PAI0062,I311
PAI0031,I285
PAI0011,I265
PAI0005,I259
PAI0002,I256
PAI0007,I261
PAI0009,I263
PAI0045,I299
PAI0046,I300
PAI0041,I295
PAI0042,I296
PAI0047,I301
PAI0044,I298
PAI0040,I294
PAI0043,I297
PAI0013,I267
PAI0014,I268
PAI0039,I293
PAI0018,I272
PAI0026,I280
PAI0036,I290
PAI0038,I292
PAI0003,I257
PAI0001,I255
PAI0010,I264
PAI0004,I258
PAI0006,I260
PAI0008,I262
PAI0087,I334
CON0003,I47
CEM0002,I44
PCK0008,I229
PCK0007,I228
PCK0006,I227
PCK0004,I225
PCK0005,I226
PAI0089,I336
PAI0088,I335
HRD0032,I204
HRD0033,I205
MIS0001,I190
ASP0019,I21
ASP0020,I22
ASP0027,I27
ASP0026,I26
ELE0062,I306
PAI0053,I90
ELE0044,I88
ELE0026,I73
MIS0011,I199
WIH0025,I589
IMP0005,I186
PAI0090,I337
HRD0008,I159
HRD0007,I158
HRD0009,I160
HRD0010,I161
HRD0002,I153
HRD0003,I154
HRD0004,I155
HRD0005,I156
HRD0001,I152
PCK0010,I231
PCK0009,I230
PTC0067,I455
PTC0069,I457
RBP0006,I473
RBP0007,I474
PTC0066,I454
PTC0068,I456
RBP0005,I472
PTC0003,I391
PTC0008,I396
PTC0058,I446
PTC0044,I432
PTC0012,I400
PTC0061,I449
PTC0026,I414
PTC0016,I404
PTC0047,I435
PTC0030,I418
PTC0022,I410
PAI0114,I356
PTC0009,I397
PTC0013,I401
PTC0035,I426
PTC0038,I423
PTC0027,I415
PTC0017,I405
PTC0041,I429
PTC0031,I419
PTC0023,I411
PTC0055,I443
PTC0048,I436
PTC0051,I439
PTC0054,I442
ELE0041,I86
ELE0098,I93
WIH0017,I585
WIH0030,I594
PAI0118,I358
STK0006,I492
TNK0031,I556
TNK0033,I558
TNK0034,I559
TNK0037,I561
TNK0038,I562
TNK0040,I563
TNK0041,I564
TNK0042,I565
TNK0043,I566
TNK0044,I567
TNK0045,I568
TNK0046,I569
TNK0047,I570
TNK0048,I571
ASP0022,I24
ASP0028,I28
ASP0023,I25
ASP0029,I29
ELE0097,I92
ELE0135,I94
ELE0090,I91
ELE0032,I78
TNK0036,I560
TNK0032,I557
ASP0021,I23
STK0012,I498
STK0013,I499
STK0015,I501
STK0014,I500
STK0016,I502
STK0017,I503
STK0021,I507
STK0018,I504
STK0019,I505
STK0020,I506
STK0039,I525
STK0025,I511
STK0005,I491
STK0002,I488
STK0022,I508
STK0023,I509
STK0024,I510
STK0003,I489
STK0004,I490
STK0026,I512
STK0001,I487
STK0007,I493
STK0008,I494
STK0009,I495
STK0010,I496
STK0011,I497
PCK0001,I222
HRD0027,I178
HRD0090,I151
ASP0030,I181
HRD0028,I179
RBP0012,I479
RBP0013,I480
RBP0011,I478
RBP0014,I481
MIS0002,I191
MIS0012,I200
HRD0012,I163
TNK0001,I526
TNK0002,I527
TNK0015,I540
TNK0003,I528
TNK0004,I529
TNK0016,I541
TNK0005,I530
TNK0006,I531
TNK0017,I542
TNK0014,I539
TNK0018,I543
TNK0020,I545
TNK0008,I533
TNK0007,I532
TNK0019,I544
TNK0021,I546
TNK0023,I548
TNK0010,I535
TNK0029,I554
TNK0009,I534
TNK0028,I553
TNK0022,I547
TNK0024,I549
TNK0025,I550
TNK0011,I536
TNK0026,I551
TNK0027,I552
TNK0012,I537
TNK0030,I555
TNK0013,I538
MIS0007,I196
IMP0006,I187
IMP0003,I184
IMP0004,I185
ELE0046,I89
ELE0027,I74
PCK0018,I239
PCK0017,I238
PCK0020,I241
PCK0019,I240
PCK0024,I245
PCK0030,I251
PCK0021,I242
PCK0014,I235
PCK0013,I234
PCK0025,I246
PCK0032,I253
PCK0031,I252
PCK0016,I237
PCK0015,I236
PCK0022,I243
PCK0023,I244
PCK0026,I247
PCK0027,I248
PCK0028,I249
PCK0029,I250
ELC0008,I56
ELC0007,I55
IMP0002,I183
WIH0029,I593
WIH0009,I580
WIH0012,I582
WIH0011,I581
PTC0056,I444
PTC0042,I430
PTC0059,I447
PTC0045,I433
PTC0062,I450
PTC0049,I437
PTC0064,I452
PTC0052,I440
PCK0011,I232
PCK0012,I233
HRD0006,I157
HRD0023,I174
HRD0029,I180
CON0001,I45
WIH0016,I584
ELC0006,I54
ELC0003,I51
ELC0001,I49
ELC0005,I53
ELC0002,I50
ELC0004,I52
WIH0008,I579
WIH0006,I577
WIH0005,I576
WIH0002,I573
WIH0007,I578
WIH0001,I572
